categoryID,category
1,Sprinkles
2,Icing Decorations
3,Ground Coffee
4,Tea Samplers
5,Pork Rinds
6,Stevia
7,Food Coloring
8,Coconut
9,Peanuts
10,Candy & Chocolate Bars
11,Chili
12,Single-Serve Capsules & Pods
13,Beans
14,Peanut Butter
15,Flax Seed
16,Honey
17,Beverages
18,Roasted Coffee Beans
19,Glitter
20,Hard Candy
21,Pasta & Noodle Dishes
22,Sour Candy
23,Nut Bars
24,Cereal
25,Extracts & Flavoring
26,Thickeners
27,Olive
28,Cupcake Toppers
29,Bitters
30,Jelly Beans
31,Quinoa
32,Carob
33,Flax Seeds
34,Simple Syrup
35,Gummy Candy
36,Wafers
37,Tea
38,Green
39,Jerky & Dried Meats
40,Cashews
41,Candy Canes
42,Cake Toppers
43,Cold-Brew Coffee & Concentrate
44,Sea Salt
45,Herbal
46,Energy & Nutritional
47,Matcha
48,Biscuits
49,"Jams, Jellies & Preserves"
50,"Herbs, Spices & Seasonings"
51,Walnuts
52,Corn
53,Meal Replacement Drinks
54,Chili Powder
55,Barbecue Seasoning
56,Coconut Water
57,Potato
58,Snack Gifts
59,Breads
60,Almonds
61,Black
62,Poppy Seed
63,Taffy
64,Chewing & Bubble Gum
65,Brittle
66,Candy & Chocolate Assortments
67,Potatoes & Yams
68,Soy
69,Flavor Syrups
70,Chocolate
71,Marshmallows
72,Candy & Chocolate
73,Garlic
74,Asian
75,Chocolate Truffles
76,Candied & Chocolate-coated Nuts
77,Fruit Snacks
78,Suckers & Lollipops
79,Flours & Meals
80,Lasagna
81,Graham Crackers
82,Dried Banana Chips
83,Cold Cereals
84,Refried Beans
85,Mexican Dishes
86,Frostings & Icings
87,Candied & Chocolate-covered Snacks
88,Mexican Seasoning
89,Meat Seasoning
90,Protein Drinks
91,Xylitol
92,Almond Butter
93,Oatmeal
94,Lentils
95,Barbecue
96,Caramel
97,Dry Soup Mixes
98,Snack Foods
99,Curry Sauce
100,Ginger Candy
101,Chicken
102,Assortments & Samplers
103,Sandwich
104,Granola
105,Chia Seeds
106,Pancakes & Waffles
107,Crackers
108,Cakes
109,Hot Sauce
110,Popped
111,Energy Drinks
112,Gelatin
113,Seaweed Snacks
114,Soy Sauce
115,Soft Drinks
116,Dried Fruits
117,Dried Berries
118,Sugars
119,Pepper & Peppercorns
120,Seasoning Mixes
121,Brazil Nuts
122,Mixed Nuts
123,Licorice
124,Stir-Fry Sauce
125,Mayonnaise
126,Nuts & Seeds
127,Dried Fruit & Raisins
128,Hot Dogs & Franks
129,Sausages
130,Apple Cider
131,Bubble Tea Tapioca Pearls
132,Steak Sauce
133,French
134,Chocolate Chip
135,Popcorn
136,Fresh Baked Cookies
137,Bonsai
138,Instant Coffee
139,Flavoring Syrup
140,Unpopped
141,"Coffee, Tea & Cocoa"
142,Cookies
143,Decorating Kits
144,Sparkling Juice
145,Maple Syrup
146,Chocolates
147,Black Beans
148,Kidney Beans
149,Packaged Breads
150,Pumpkin Seeds
151,Cocoa
152,Sugar Substitutes
153,Soft Drink Mixes
154,Chicken Soups
155,Flavored Water
156,Fusilli
157,Buffalo Wing
158,Garam Masala
159,Enchiladas
160,Dried Vegetables
161,Chili Mix
162,Oolong
163,Brown
164,Cooking & Baking
165,Rice
166,Chili Peppers
167,Artichoke Hearts
168,Turmeric
169,Candied & Chocolate-coated Fruit
170,Active Dry Yeasts
171,Dried Figs
172,Dried Pears
173,Sea Vegetables
174,Dijon Mustard
175,Coffee Creamers
176,Shirataki
177,Non-Dairy Coffee Creamers
178,Popsicles & Juice Bars
179,Flavored Salt
180,Muffins
181,Candy & Chocolate Gifts
182,Fruit Juice
183,High Protein
184,Macaroni & Cheese
185,Jelly Beans & Gummy Candy
186,"Herb, Spice & Seasoning Gifts"
187,Beer Mustard
188,Coffee Substitutes
189,Spaghetti
190,Fortune
191,Basmati
192,Salad Dressings
193,Vinegars
194,"Syrups, Sugars & Sweeteners"
195,Pecans
196,Dried Dates
197,Powdered
198,House Plants
199,Seasoned Salt
200,Baked Beans
201,Fudge
202,Seafood Seasoning
203,Rock Salt
204,Salt Substitutes
205,Fruit & Nut
206,Bars
207,Pretzels
208,Bakery & Dessert Gifts
209,Fennel Seed
210,Iced Tea
211,Puffed Snacks
212,Wagashi
213,Mints
214,Water
215,"Jams, Jellies & Sweet Spreads"
216,Grits
217,Chocolate & Hazelnut Spreads
218,Rooibos
219,White
220,Sesame
221,Coarse Salt
222,Single Herbs & Spices
223,Cinnamon
224,Paprika
225,Ground Pepper
226,Dried Apricots
227,Dried Mixed Fruits
228,Chai
229,Asian Noodle Soups
230,Nut Clusters
231,Cake & Cupcake Toppers
232,Tortillas
233,Asafetida
234,Pickle Relishes
235,Garbanzo
236,Wheat Flours & Meals
237,Rotini
238,Capellini
239,Cajun Seasoning
240,Cumin
241,Coconut Flakes
242,Chile Paste
243,Curry Powder
244,Sauces
245,Vegetable Soups
246,Coriander
247,Dried Mangoes
248,Vanilla Beans
249,Mineral Water
250,Powdered Cheese
251,Soy Milk
252,Mangos
253,Truffle
254,Penne
255,Tortilla
256,Popcorn Salt
257,Coconut Milk
258,Indian Seasoning
259,Indian Dishes
260,Sunflower Seeds
261,Flatbread
262,Ghee
263,Microwave
264,Asian Dishes
265,Juices
266,Processed Cheese
267,Cherries
268,Peppercorns
269,Gravies
270,Mixed Spices & Seasonings
271,Oat Flour
272,Fruit Leather
273,Caramels
274,"Baking Chocolates, Carob & Cocoa"
275,Bamboo
276,Pita
277,Hemp Seeds
278,Wild
279,Chips & Crisps
280,Broths
281,Bonito Flakes
282,Miso Soups
283,Leaveners & Yeasts
284,Unroasted Coffee Beans
285,Nutmeg
286,Pudding
287,Pizza Crusts
288,Kosher Salt
289,Caesar
290,Chocolate-coated Espresso Beans
291,Assortments & Variety Gifts
292,Spiced Meat
293,Anise Seeds
294,Mackerel
295,Sardines
296,Vegetable Juice
297,Oyster
298,Ginger
299,Roses
300,Nut
301,Dried Peaches
302,Party Mix
303,Oils
304,Food & Beverage Gifts
305,Vegetable
306,Avocado
307,Walnut
308,Condiments & Salad Dressings
309,Beef
310,Tuna Fish
311,Green Chilis
312,Egg
313,Cashew Butter
314,Water Flavoring Drops
315,Grains & Rice
316,Wheat Berries
317,Baking Powder
318,Tropical & Exotic Fruit
319,Breadsticks
320,Gourmet Rubs
321,Vegetables
322,Pickled Mixed Vegetables
323,Sweet Peppers
324,Onion
325,Dried Seaweed & Nori
326,Dried Apples
327,Mulling Spice
328,Noodle Soups
329,Cheese Assortments & Samplers
330,Breakfast & Cereal Bars
331,Smoothies
332,Raisins
333,Parsley
334,Cocktail Mixers
335,Celery Seed
336,Chocolate & Fudge
337,Coconut Sauce
338,Dessert Syrups & Sauces
339,Fruit Butters
340,Wasabi Peas
341,Mustard
342,Breakfast
343,Condensed
344,Fruit & Nut Gifts
345,Shortbread
346,Kalamata
347,Vegetable Relishes
348,Dried Prunes
349,Macadamia Nuts
350,Ketchup
351,Baking Mixes
352,Snickerdoodles
353,Snack & Trail Mixes
354,Ciders
355,Fresh Cut Flowers
356,"Brittle, Caramel & Toffee"
357,Peas
358,Pistachios
359,Rye
360,Fresh Bakery Breads
361,Chinese Five Spice
362,Fettuccine
363,Almond
364,Pie & Pastry Fillings
365,Fresh Fruits
366,German Mustard
367,Mixed Bouquets
368,Snack Cakes
369,Fruit
370,Coffee & Tea Gifts
371,Waffles
372,Sports Drinks
373,Bouillon
374,Baking Soda
375,Couscous
376,Salmon
377,Split
378,Sandwich Spreads
379,Snack Pies
380,Worcestershire Sauce
381,Crushed
382,Toaster Pastries
383,Caviars & Roes
384,Hard Candy & Lollipops
385,Vinaigrette
386,Fresh Fish
387,Saffron
388,Red Wine
389,White Wine
390,Dairy Milk
391,Molasses
392,Dried Cherries
393,Beef Soups
394,"Canned, Jarred & Packaged Foods"
395,Rice Flour
396,Lilies
397,Muesli
398,Caraway Seed
399,Saltines
400,Stuffing Side Dishes
401,Fruits
402,Rice Bowls
403,Chowders
404,Stocks
405,Wheat
406,Fresh Vegetables
407,Coffee
408,"Jam, Jelly & Sweet Spread Gifts"
409,Pasta
410,Brown Mustard
411,Breakfast Bakery
412,Chorizo
413,Peanut Sauce
414,Fruit Bars
415,Breads & Bakery
416,Brownies
417,Onions
418,Ginger Snaps
419,Butter
420,Panko
421,Dill Pickles
422,Snack Cakes & Pastries
423,Dried Pineapples
424,Allspice
425,Desserts
426,Dill
427,"Meat, Poultry & Seafood"
428,Italian
429,Tuna
430,Oysters
431,Bay Leaf
432,Sage Leaf
433,Almond Milk
434,Chili Sauce
435,Salsas
436,Beans & Peas
437,Chutneys
438,Sparkling Water
439,Meringues
440,"Sauce, Gravy & Marinade Gifts"
441,Black Truffles
442,Hazelnuts
443,Powdered Drink Mixes
444,Parmesan
445,Nut & Seed Butters
446,Oat Bran
447,Dusting Powders
448,Salt & Salt Substitutes
449,Tomato Soups
450,Miso
451,Halva
452,Meats
453,Udon
454,Bottled & Canned Coffee Drinks
455,Pilaf
456,Crabmeat
457,Savory
458,Ranch
459,Bacon
460,Animal
461,Millet
462,Applesauce
463,"Bottled Beverages, Water & Drink Mixes"
464,Shortening
465,Meat & Seafood Gifts
466,Olives
467,Sunflower
468,Shrimp & Prawns
469,Cereals
470,Whole Wheat
471,Orzo
472,String & Snack
473,Stews
474,"Soups, Stocks & Broths"
475,Potato Side Dishes
476,Toffee
477,Fenugreek
478,Glazes & Demi-Glaces
479,Wild Game & Fowl
480,Soba
481,Jambalaya
482,Rosemary
483,Balsamic
484,Italian Seasoning
485,Asparagus
486,Jalapenos
487,Agave Nectar & Syrup
488,Flaxseed
489,Green Beans
490,English Mustard
491,Barley Flour
492,Pappardelle
493,Cayenne
494,Chips
495,Hamburger Buns
496,Pie Crusts
497,Peppermint Leaf
498,Dips & Spreads
499,Matzo
500,Grapeseed
501,Table Salt
502,Oregano
503,Pasta & Noodles
504,Linguine
505,Meat Substitutes
506,Margarita
507,Daiquiri
508,Sesame Seed
509,Sports Drinking Water
510,Biscotti
511,Wasabi
512,Buckwheat
513,Mixed
514,Sugar
515,"Dairy, Cheese & Eggs"
516,Swiss
517,Palm Sugar
518,Orchids
519,Mushrooms
520,Tomato Paste
521,Condensed & Powdered Milk
522,Non-Stick Cooking Oil Sprays
523,Risotto
524,Breadcrumbs
525,Cheddar
526,Bananas & Plantains
527,Beets
528,Traditional & International Sweets
529,Edible Printer Ink & Paper
530,Pickled Eggs
531,Kidney
532,Tagliatelle
533,Pizza
534,Fresh Shellfish
535,Cloves
536,Sumac
537,Chinese Star Anise
538,Stuffed Olives
539,Tomatoes
540,Anchovies
541,Clams
542,Cheese
543,Chocolate-coated Chips & Pretzels
544,Cut & Packaged Vegetables
545,Meat & Seafood
546,Teriyaki Sauce
547,Pickles
548,Greek Seasoning
549,Shiitake
550,Fresh Flowers & Live Indoor Plants
551,Cardamom Seed
552,Chipotle
553,Mushrooms & Truffles
554,Marzipan & Almond Paste
555,Packaged Meals & Side Dishes
556,Yogurt Starter Cultures
557,Guacamole
558,Carrots
559,Feta
560,Kefir
561,Cream of Tartar
562,Horseradish
563,Tomato Sauce
564,Seasoned Coatings
565,Sweet & Sour Sauce
566,Porcini
567,Summer
568,Martini
569,Antipasto
570,Fish Sauce
571,Soybean
572,Cilantro Flakes
573,Sundried Tomatoes
574,Lard
575,Pinto
576,Sweet Pickles
577,Tortellini
578,Marjoram
579,Paella
580,Sweet Basil Leaf
581,Turkey
582,Sausage
583,Cream Cheese
584,Bow-Tie
585,Seasoned Rice
586,Bloody Mary
587,Enchilada Sauce
588,Pesto
589,Honey Mustard
590,Tartar Sauce
591,Noodles
592,Poultry Seasoning
593,Packaged Produce
594,Tamales
595,Truffles
596,Hummus
597,Taco Shells & Kits
598,Cheese & Charcuterie Gifts
599,Polenta Meal
600,Live Indoor Plants
601,Tempura
602,Pectin
603,Capers
604,Ham
605,Fruit Cups
606,Sloppy Joe Mix
607,Stuffed Grape Leaves
608,"Meatballs, Chunks & Crumbles"
609,Blue Cheese
610,Thousand Island
611,Prepared Foods
612,Pinto Beans
613,Appetizers & Snacks
614,Tarragon
615,Breadcrumbs & Seasoned Coatings
616,Split Pea Soups
617,Oranges
618,Ice Cream
619,Meals & Entrees
620,Seafood
621,Sandwich Breads
622,Lima
623,Foie Gras & Pts
624,Marinara
625,Figs
626,Tonic Water
627,"Frosting, Icing & Decorations"
628,Ladyfingers
629,Marmalades
630,Non-Alcoholic Wine
631,Ice Cream Cones & Toppings
632,Manchego
633,Herring
634,Pork
635,Thyme
636,Wasabi Powder
637,Tenderloin & Filet Mignon
638,Whole Grain Mustard
639,Salami
640,Diced
641,Yellow Mustard
642,Desserts & Toppings
643,Breakfast Foods
644,Adobo Seasoning
645,Cod
646,Lemonade
647,Butter & Margarine
648,Arborio
649,Taco Sauce
650,Spreads
651,Peaches
652,"Doughs, Shells & Crusts"
653,Spanish & Mexican
654,Salad Toppings
655,Peeled
656,Cornichons
657,Gouda
658,Pineapple
659,Flavored Milk
660,Safflower
661,Meatless
662,Bisques
663,Rice Milk
664,Cocktail Sauce
665,Mozzarella
666,Water Chestnuts
667,Rigatoni
668,Fajitas
669,Berries
670,Juice
671,Bagel Chips
672,Barbecue Sauce
673,Breasts
674,Jasmine
675,Gnocchi
676,Fresh Pasta & Sauces
677,Oyster Sauce
678,Vegetarian Proteins
679,Pizzelles
680,Relishes
681,Lemons
682,Seltzer Water
683,Apricots
684,Steaks
685,Deli-Sliced Meats
686,Bubble Tea Kits
687,Papayas
688,Snails
689,Pecorino
690,Canola
691,Consomm
692,Hearts of Palm
693,Cooking Wine
694,Chives
695,Brie
696,Multigrain
697,Okra
698,Pears
699,Canned & Jarred Fish
700,Whole Grain
701,Pasta Salads
702,Peanut
703,Dried Papayas
704,Pepperoni
705,Apples
706,Provolone
707,Malt
708,Cole Slaw Dressing
709,American
710,Mace
711,Alfredo
712,Rice Dishes
713,Carnations
714,Crab
715,Bean Salad
716,Saccharine
717,Garbanzo Beans
718,Bell Peppers
719,Deli
720,Bread & Dough
721,Adobo Sauce
722,Tulips
723,Potatoes
724,Fresh Seafood
725,Plum Sauce
726,Havarti
727,Frozen
728,Lobster
729,Portabellos
730,Fruit Compotes
731,Ribeye
732,Lamb
733,Chvre
734,Smoked & Cured Fish
735,Flavored
736,Dinner Rolls
737,Ice Cream & Novelties
738,Processed
